[
  {
    "email": "michaelhill@example.org",
    "password": "&xHYEDPrv5",
    "name": "Jeffrey Bradley",
    "address": "31634 Steele Isle Suite 775\nSouth Brookeburgh, WV 84186"
  },
  {
    "email": "christineharris@example.org",
    "password": "G@vq1BdspD",
    "name": "Steven Hansen",
    "address": "76875 Aaron Vista Apt. 289\nNorth Maryfort, OR 69452"
  },
  {
    "email": "devon65@example.net",
    "password": "_8FJSs^dcl",
    "name": "Allison Jenkins",
    "address": "112 Alvarez Ford\nEmilyside, VA 65077"
  },
  {
    "email": "bryanpearson@example.com",
    "password": "oQ@a5C+f&c",
    "name": "Sherri Harrison",
    "address": "96063 Cindy Overpass\nLanebury, IA 73302"
  },
  {
    "email": "rachaelhubbard@example.com",
    "password": "!9LmuMi5&j",
    "name": "Terrance Rojas MD",
    "address": "PSC 1593, Box 2646\nAPO AE 10837"
  },
  {
    "email": "thomaslindsay@example.com",
    "password": "#3_475kKoL",
    "name": "Kathy Donovan",
    "address": "93997 Tina Crossing Apt. 546\nKellyview, PW 34524"
  },
  {
    "email": "annathompson@example.net",
    "password": "&0cOSI0cud",
    "name": "Richard Klein",
    "address": "6883 Mark Drives Apt. 737\nEast Bruce, VA 17844"
  },
  {
    "email": "waltervega@example.com",
    "password": "vKG$63UlOc",
    "name": "Jeremy Ochoa",
    "address": "0213 Leonard Crossroad Suite 616\nPatriciabury, MN 95367"
  },
  {
    "email": "clarkesarah@example.org",
    "password": "r#WH3N0muu",
    "name": "Kevin Craig",
    "address": "924 Lisa Haven Apt. 660\nNew Shawnchester, OK 93417"
  },
  {
    "email": "edougherty@example.org",
    "password": "lu+5)L(h%B",
    "name": "Amy Owens",
    "address": "104 Martinez Cape\nPattersonmouth, PR 13093"
  }
]